line number,列名1,列名2
1,第一列数据,第二列数据
0,第一列数据,第二列数据
1,第一列数据,第二列数据
2,第一列数据,第二列数据
3,第一列数据,第二列数据
4,第一列数据,第二列数据
5,第一列数据,第二列数据
6,第一列数据,第二列数据
7,第一列数据,第二列数据
8,第一列数据,第二列数据
9,第一列数据,第二列数据
10,第一列数据,第二列数据
11,第一列数据,第二列数据
12,第一列数据,第二列数据
13,第一列数据,第二列数据
14,第一列数据,第二列数据
15,第一列数据,第二列数据
16,第一列数据,第二列数据
17,第一列数据,第二列数据
18,第一列数据,第二列数据
19,第一列数据,第二列数据
20,第一列数据,第二列数据
21,第一列数据,第二列数据
22,第一列数据,第二列数据
23,第一列数据,第二列数据
24,第一列数据,第二列数据
25,第一列数据,第二列数据
26,第一列数据,第二列数据
27,第一列数据,第二列数据
28,第一列数据,第二列数据
29,第一列数据,第二列数据
30,第一列数据,第二列数据
31,第一列数据,第二列数据
32,第一列数据,第二列数据
33,第一列数据,第二列数据
34,第一列数据,第二列数据
35,第一列数据,第二列数据
36,第一列数据,第二列数据
37,第一列数据,第二列数据
38,第一列数据,第二列数据
39,第一列数据,第二列数据
40,第一列数据,第二列数据
41,第一列数据,第二列数据
42,第一列数据,第二列数据
43,第一列数据,第二列数据
44,第一列数据,第二列数据
45,第一列数据,第二列数据
46,第一列数据,第二列数据
47,第一列数据,第二列数据
48,第一列数据,第二列数据
49,第一列数据,第二列数据
50,第一列数据,第二列数据
51,第一列数据,第二列数据
52,第一列数据,第二列数据
53,第一列数据,第二列数据
54,第一列数据,第二列数据
55,第一列数据,第二列数据
56,第一列数据,第二列数据
57,第一列数据,第二列数据
58,第一列数据,第二列数据
59,第一列数据,第二列数据
60,第一列数据,第二列数据
61,第一列数据,第二列数据
62,第一列数据,第二列数据
63,第一列数据,第二列数据
64,第一列数据,第二列数据
65,第一列数据,第二列数据
66,第一列数据,第二列数据
67,第一列数据,第二列数据
68,第一列数据,第二列数据
69,第一列数据,第二列数据
70,第一列数据,第二列数据
71,第一列数据,第二列数据
72,第一列数据,第二列数据
73,第一列数据,第二列数据
74,第一列数据,第二列数据
75,第一列数据,第二列数据
76,第一列数据,第二列数据
77,第一列数据,第二列数据
78,第一列数据,第二列数据
79,第一列数据,第二列数据
80,第一列数据,第二列数据
81,第一列数据,第二列数据
82,第一列数据,第二列数据
83,第一列数据,第二列数据
84,第一列数据,第二列数据
85,第一列数据,第二列数据
86,第一列数据,第二列数据
87,第一列数据,第二列数据
88,第一列数据,第二列数据
89,第一列数据,第二列数据
90,第一列数据,第二列数据
91,第一列数据,第二列数据
92,第一列数据,第二列数据
93,第一列数据,第二列数据
94,第一列数据,第二列数据
95,第一列数据,第二列数据
96,第一列数据,第二列数据
97,第一列数据,第二列数据
98,第一列数据,第二列数据
99,第一列数据,第二列数据
100,第一列数据,第二列数据
101,第一列数据,第二列数据
102,第一列数据,第二列数据
103,第一列数据,第二列数据
104,第一列数据,第二列数据
105,第一列数据,第二列数据
106,第一列数据,第二列数据
107,第一列数据,第二列数据
108,第一列数据,第二列数据
109,第一列数据,第二列数据
110,第一列数据,第二列数据
111,第一列数据,第二列数据
112,第一列数据,第二列数据
113,第一列数据,第二列数据
114,第一列数据,第二列数据
115,第一列数据,第二列数据
116,第一列数据,第二列数据
117,第一列数据,第二列数据
118,第一列数据,第二列数据
119,第一列数据,第二列数据
120,第一列数据,第二列数据
121,第一列数据,第二列数据
122,第一列数据,第二列数据
123,第一列数据,第二列数据
124,第一列数据,第二列数据
125,第一列数据,第二列数据
126,第一列数据,第二列数据
127,第一列数据,第二列数据
128,第一列数据,第二列数据
129,第一列数据,第二列数据
130,第一列数据,第二列数据
131,第一列数据,第二列数据
132,第一列数据,第二列数据
133,第一列数据,第二列数据
134,第一列数据,第二列数据
135,第一列数据,第二列数据
136,第一列数据,第二列数据
137,第一列数据,第二列数据
138,第一列数据,第二列数据
139,第一列数据,第二列数据
140,第一列数据,第二列数据
141,第一列数据,第二列数据
142,第一列数据,第二列数据
143,第一列数据,第二列数据
144,第一列数据,第二列数据
145,第一列数据,第二列数据
146,第一列数据,第二列数据
147,第一列数据,第二列数据
148,第一列数据,第二列数据
149,第一列数据,第二列数据
150,第一列数据,第二列数据
151,第一列数据,第二列数据
152,第一列数据,第二列数据
153,第一列数据,第二列数据
154,第一列数据,第二列数据
155,第一列数据,第二列数据
156,第一列数据,第二列数据
157,第一列数据,第二列数据
158,第一列数据,第二列数据
159,第一列数据,第二列数据
160,第一列数据,第二列数据
161,第一列数据,第二列数据
162,第一列数据,第二列数据
163,第一列数据,第二列数据
164,第一列数据,第二列数据
165,第一列数据,第二列数据
166,第一列数据,第二列数据
167,第一列数据,第二列数据
168,第一列数据,第二列数据
169,第一列数据,第二列数据
170,第一列数据,第二列数据
171,第一列数据,第二列数据
172,第一列数据,第二列数据
173,第一列数据,第二列数据
174,第一列数据,第二列数据
175,第一列数据,第二列数据
176,第一列数据,第二列数据
177,第一列数据,第二列数据
178,第一列数据,第二列数据
179,第一列数据,第二列数据
180,第一列数据,第二列数据
181,第一列数据,第二列数据
182,第一列数据,第二列数据
183,第一列数据,第二列数据
184,第一列数据,第二列数据
185,第一列数据,第二列数据
186,第一列数据,第二列数据
187,第一列数据,第二列数据
188,第一列数据,第二列数据
189,第一列数据,第二列数据
190,第一列数据,第二列数据
191,第一列数据,第二列数据
192,第一列数据,第二列数据
193,第一列数据,第二列数据
194,第一列数据,第二列数据
195,第一列数据,第二列数据
196,第一列数据,第二列数据
197,第一列数据,第二列数据
198,第一列数据,第二列数据
199,第一列数据,第二列数据
200,第一列数据,第二列数据
201,第一列数据,第二列数据
202,第一列数据,第二列数据
203,第一列数据,第二列数据
204,第一列数据,第二列数据
205,第一列数据,第二列数据
206,第一列数据,第二列数据
207,第一列数据,第二列数据
208,第一列数据,第二列数据
209,第一列数据,第二列数据
210,第一列数据,第二列数据
211,第一列数据,第二列数据
212,第一列数据,第二列数据
213,第一列数据,第二列数据
214,第一列数据,第二列数据
215,第一列数据,第二列数据
216,第一列数据,第二列数据
217,第一列数据,第二列数据
218,第一列数据,第二列数据
219,第一列数据,第二列数据
220,第一列数据,第二列数据
221,第一列数据,第二列数据
222,第一列数据,第二列数据
223,第一列数据,第二列数据
224,第一列数据,第二列数据
225,第一列数据,第二列数据
226,第一列数据,第二列数据
227,第一列数据,第二列数据
228,第一列数据,第二列数据
229,第一列数据,第二列数据
230,第一列数据,第二列数据
231,第一列数据,第二列数据
232,第一列数据,第二列数据
233,第一列数据,第二列数据
234,第一列数据,第二列数据
235,第一列数据,第二列数据
236,第一列数据,第二列数据
237,第一列数据,第二列数据
238,第一列数据,第二列数据
239,第一列数据,第二列数据
240,第一列数据,第二列数据
241,第一列数据,第二列数据
242,第一列数据,第二列数据
243,第一列数据,第二列数据
244,第一列数据,第二列数据
245,第一列数据,第二列数据
246,第一列数据,第二列数据
247,第一列数据,第二列数据
248,第一列数据,第二列数据
249,第一列数据,第二列数据
250,第一列数据,第二列数据
251,第一列数据,第二列数据
252,第一列数据,第二列数据
253,第一列数据,第二列数据
254,第一列数据,第二列数据
255,第一列数据,第二列数据
256,第一列数据,第二列数据
257,第一列数据,第二列数据
258,第一列数据,第二列数据
259,第一列数据,第二列数据
260,第一列数据,第二列数据
261,第一列数据,第二列数据
262,第一列数据,第二列数据
263,第一列数据,第二列数据
264,第一列数据,第二列数据
265,第一列数据,第二列数据
266,第一列数据,第二列数据
267,第一列数据,第二列数据
268,第一列数据,第二列数据
269,第一列数据,第二列数据
270,第一列数据,第二列数据
271,第一列数据,第二列数据
272,第一列数据,第二列数据
273,第一列数据,第二列数据
274,第一列数据,第二列数据
275,第一列数据,第二列数据
276,第一列数据,第二列数据
277,第一列数据,第二列数据
278,第一列数据,第二列数据
279,第一列数据,第二列数据
280,第一列数据,第二列数据
281,第一列数据,第二列数据
282,第一列数据,第二列数据
283,第一列数据,第二列数据
284,第一列数据,第二列数据
285,第一列数据,第二列数据
286,第一列数据,第二列数据
287,第一列数据,第二列数据
288,第一列数据,第二列数据
289,第一列数据,第二列数据
290,第一列数据,第二列数据
291,第一列数据,第二列数据
292,第一列数据,第二列数据
293,第一列数据,第二列数据
294,第一列数据,第二列数据
295,第一列数据,第二列数据
296,第一列数据,第二列数据
297,第一列数据,第二列数据
298,第一列数据,第二列数据
299,第一列数据,第二列数据
300,第一列数据,第二列数据
301,第一列数据,第二列数据
302,第一列数据,第二列数据
303,第一列数据,第二列数据
304,第一列数据,第二列数据
305,第一列数据,第二列数据
306,第一列数据,第二列数据
307,第一列数据,第二列数据
308,第一列数据,第二列数据
309,第一列数据,第二列数据
310,第一列数据,第二列数据
311,第一列数据,第二列数据
312,第一列数据,第二列数据
313,第一列数据,第二列数据
314,第一列数据,第二列数据
315,第一列数据,第二列数据
316,第一列数据,第二列数据
317,第一列数据,第二列数据
318,第一列数据,第二列数据
319,第一列数据,第二列数据
320,第一列数据,第二列数据
321,第一列数据,第二列数据
322,第一列数据,第二列数据
323,第一列数据,第二列数据
324,第一列数据,第二列数据
325,第一列数据,第二列数据
326,第一列数据,第二列数据
327,第一列数据,第二列数据
328,第一列数据,第二列数据
329,第一列数据,第二列数据
330,第一列数据,第二列数据
331,第一列数据,第二列数据
332,第一列数据,第二列数据
333,第一列数据,第二列数据
334,第一列数据,第二列数据
335,第一列数据,第二列数据
336,第一列数据,第二列数据
337,第一列数据,第二列数据
338,第一列数据,第二列数据
339,第一列数据,第二列数据
340,第一列数据,第二列数据
341,第一列数据,第二列数据
342,第一列数据,第二列数据
343,第一列数据,第二列数据
344,第一列数据,第二列数据
345,第一列数据,第二列数据
346,第一列数据,第二列数据
347,第一列数据,第二列数据
348,第一列数据,第二列数据
349,第一列数据,第二列数据
350,第一列数据,第二列数据
351,第一列数据,第二列数据
352,第一列数据,第二列数据
353,第一列数据,第二列数据
354,第一列数据,第二列数据
355,第一列数据,第二列数据
356,第一列数据,第二列数据
357,第一列数据,第二列数据
358,第一列数据,第二列数据
359,第一列数据,第二列数据
360,第一列数据,第二列数据
361,第一列数据,第二列数据
362,第一列数据,第二列数据
363,第一列数据,第二列数据
364,第一列数据,第二列数据
365,第一列数据,第二列数据
366,第一列数据,第二列数据
367,第一列数据,第二列数据
368,第一列数据,第二列数据
369,第一列数据,第二列数据
370,第一列数据,第二列数据
371,第一列数据,第二列数据
372,第一列数据,第二列数据
373,第一列数据,第二列数据
374,第一列数据,第二列数据
375,第一列数据,第二列数据
376,第一列数据,第二列数据
377,第一列数据,第二列数据
378,第一列数据,第二列数据
379,第一列数据,第二列数据
380,第一列数据,第二列数据
381,第一列数据,第二列数据
382,第一列数据,第二列数据
383,第一列数据,第二列数据
384,第一列数据,第二列数据
385,第一列数据,第二列数据
386,第一列数据,第二列数据
387,第一列数据,第二列数据
388,第一列数据,第二列数据
389,第一列数据,第二列数据
390,第一列数据,第二列数据
391,第一列数据,第二列数据
392,第一列数据,第二列数据
393,第一列数据,第二列数据
394,第一列数据,第二列数据
395,第一列数据,第二列数据
396,第一列数据,第二列数据
397,第一列数据,第二列数据
398,第一列数据,第二列数据
399,第一列数据,第二列数据
400,第一列数据,第二列数据
401,第一列数据,第二列数据
402,第一列数据,第二列数据
403,第一列数据,第二列数据
404,第一列数据,第二列数据
405,第一列数据,第二列数据
406,第一列数据,第二列数据
407,第一列数据,第二列数据
408,第一列数据,第二列数据
409,第一列数据,第二列数据
410,第一列数据,第二列数据
411,第一列数据,第二列数据
412,第一列数据,第二列数据
413,第一列数据,第二列数据
414,第一列数据,第二列数据
415,第一列数据,第二列数据
416,第一列数据,第二列数据
417,第一列数据,第二列数据
418,第一列数据,第二列数据
419,第一列数据,第二列数据
420,第一列数据,第二列数据
421,第一列数据,第二列数据
422,第一列数据,第二列数据
423,第一列数据,第二列数据
424,第一列数据,第二列数据
425,第一列数据,第二列数据
426,第一列数据,第二列数据
427,第一列数据,第二列数据
428,第一列数据,第二列数据
429,第一列数据,第二列数据
430,第一列数据,第二列数据
431,第一列数据,第二列数据
432,第一列数据,第二列数据
433,第一列数据,第二列数据
434,第一列数据,第二列数据
435,第一列数据,第二列数据
436,第一列数据,第二列数据
437,第一列数据,第二列数据
438,第一列数据,第二列数据
439,第一列数据,第二列数据
440,第一列数据,第二列数据
441,第一列数据,第二列数据
442,第一列数据,第二列数据
443,第一列数据,第二列数据
444,第一列数据,第二列数据
445,第一列数据,第二列数据
446,第一列数据,第二列数据
447,第一列数据,第二列数据
448,第一列数据,第二列数据
449,第一列数据,第二列数据
450,第一列数据,第二列数据
451,第一列数据,第二列数据
452,第一列数据,第二列数据
453,第一列数据,第二列数据
454,第一列数据,第二列数据
455,第一列数据,第二列数据
456,第一列数据,第二列数据
457,第一列数据,第二列数据
458,第一列数据,第二列数据
459,第一列数据,第二列数据
460,第一列数据,第二列数据
461,第一列数据,第二列数据
462,第一列数据,第二列数据
463,第一列数据,第二列数据
464,第一列数据,第二列数据
465,第一列数据,第二列数据
466,第一列数据,第二列数据
467,第一列数据,第二列数据
468,第一列数据,第二列数据
469,第一列数据,第二列数据
470,第一列数据,第二列数据
471,第一列数据,第二列数据
472,第一列数据,第二列数据
473,第一列数据,第二列数据
474,第一列数据,第二列数据
475,第一列数据,第二列数据
476,第一列数据,第二列数据
477,第一列数据,第二列数据
478,第一列数据,第二列数据
479,第一列数据,第二列数据
480,第一列数据,第二列数据
481,第一列数据,第二列数据
482,第一列数据,第二列数据
483,第一列数据,第二列数据
484,第一列数据,第二列数据
485,第一列数据,第二列数据
486,第一列数据,第二列数据
487,第一列数据,第二列数据
488,第一列数据,第二列数据
489,第一列数据,第二列数据
490,第一列数据,第二列数据
491,第一列数据,第二列数据
492,第一列数据,第二列数据
493,第一列数据,第二列数据
494,第一列数据,第二列数据
495,第一列数据,第二列数据
496,第一列数据,第二列数据
497,第一列数据,第二列数据
498,第一列数据,第二列数据
499,第一列数据,第二列数据
500,第一列数据,第二列数据
501,第一列数据,第二列数据
502,第一列数据,第二列数据
503,第一列数据,第二列数据
504,第一列数据,第二列数据
505,第一列数据,第二列数据
506,第一列数据,第二列数据
507,第一列数据,第二列数据
508,第一列数据,第二列数据
509,第一列数据,第二列数据
510,第一列数据,第二列数据
511,第一列数据,第二列数据
512,第一列数据,第二列数据
513,第一列数据,第二列数据
514,第一列数据,第二列数据
515,第一列数据,第二列数据
516,第一列数据,第二列数据
517,第一列数据,第二列数据
518,第一列数据,第二列数据
519,第一列数据,第二列数据
